"id","categoryId","subcategoryId","itemId","makerId","name"
"MO0001","C001","SC001","I0001","M001","型式001-01"
"MO0002","C001","SC001","I0001","M001","型式001-02"
"MO0003","C001","SC002","I0005","M002","型式002-01"
"MO0004","C001","SC002","I0005","M002","型式002-02"
"MO0005","C001","SC003","I0009","M003","型式003-01"
"MO0006","C001","SC003","I0009","M003","型式003-02"
"MO0007","C001","SC004","I0013","M004","型式004-01"
"MO0008","C001","SC004","I0013","M004","型式004-02"
"MO0009","C001","SC005","I0017","M005","型式005-01"
"MO0010","C001","SC005","I0017","M005","型式005-02"
"MO0011","C002","SC006","I0021","M006","型式006-01"
"MO0012","C002","SC006","I0021","M006","型式006-02"
"MO0013","C002","SC007","I0025","M007","型式007-01"
"MO0014","C002","SC007","I0025","M007","型式007-02"
"MO0015","C002","SC008","I0029","M008","型式008-01"
"MO0016","C002","SC008","I0029","M008","型式008-02"
"MO0017","C002","SC009","I0033","M009","型式009-01"
"MO0018","C002","SC009","I0033","M009","型式009-02"
"MO0019","C002","SC010","I0037","M010","型式010-01"
"MO0020","C002","SC010","I0037","M010","型式010-02"
"MO0021","C003","SC011","I0041","M011","型式011-01"
"MO0022","C003","SC011","I0041","M011","型式011-02"
"MO0023","C003","SC012","I0045","M012","型式012-01"
"MO0024","C003","SC012","I0045","M012","型式012-02"
"MO0025","C003","SC013","I0049","M013","型式013-01"
"MO0026","C003","SC013","I0049","M013","型式013-02"
"MO0027","C003","SC014","I0053","M014","型式014-01"
"MO0028","C003","SC014","I0053","M014","型式014-02"
"MO0029","C003","SC015","I0057","M015","型式015-01"
"MO0030","C003","SC015","I0057","M015","型式015-02"
"MO0031","C004","SC016","I0061","M016","型式016-01"
"MO0032","C004","SC016","I0061","M016","型式016-02"
"MO0033","C004","SC017","I0065","M017","型式017-01"
"MO0034","C004","SC017","I0065","M017","型式017-02"
"MO0035","C004","SC018","I0069","M018","型式018-01"
"MO0036","C004","SC018","I0069","M018","型式018-02"
"MO0037","C004","SC019","I0073","M019","型式019-01"
"MO0038","C004","SC019","I0073","M019","型式019-02"
"MO0039","C004","SC020","I0077","M020","型式020-01"
"MO0040","C004","SC020","I0077","M020","型式020-02"
"MO0041","C005","SC021","I0081","M021","型式021-01"
"MO0042","C005","SC021","I0081","M021","型式021-02"
"MO0043","C005","SC022","I0085","M022","型式022-01"
"MO0044","C005","SC022","I0085","M022","型式022-02"
"MO0045","C005","SC023","I0089","M023","型式023-01"
"MO0046","C005","SC023","I0089","M023","型式023-02"
"MO0047","C005","SC024","I0093","M024","型式024-01"
"MO0048","C005","SC024","I0093","M024","型式024-02"
"MO0049","C005","SC025","I0097","M025","型式025-01"
"MO0050","C005","SC025","I0097","M025","型式025-02"
"MO0051","C006","SC026","I0101","M026","型式026-01"
"MO0052","C006","SC026","I0101","M026","型式026-02"
"MO0053","C006","SC027","I0105","M027","型式027-01"
"MO0054","C006","SC027","I0105","M027","型式027-02"
"MO0055","C006","SC028","I0109","M028","型式028-01"
"MO0056","C006","SC028","I0109","M028","型式028-02"
"MO0057","C006","SC029","I0113","M029","型式029-01"
"MO0058","C006","SC029","I0113","M029","型式029-02"
"MO0059","C006","SC030","I0117","M030","型式030-01"
"MO0060","C006","SC030","I0117","M030","型式030-02"
"MO0061","C007","SC031","I0121","M031","型式031-01"
"MO0062","C007","SC031","I0121","M031","型式031-02"
"MO0063","C007","SC032","I0125","M032","型式032-01"
"MO0064","C007","SC032","I0125","M032","型式032-02"
"MO0065","C007","SC033","I0129","M033","型式033-01"
"MO0066","C007","SC033","I0129","M033","型式033-02"
"MO0067","C007","SC034","I0133","M034","型式034-01"
"MO0068","C007","SC034","I0133","M034","型式034-02"
"MO0069","C007","SC035","I0137","M035","型式035-01"
"MO0070","C007","SC035","I0137","M035","型式035-02"
"MO0071","C008","SC036","I0141","M036","型式036-01"
"MO0072","C008","SC036","I0141","M036","型式036-02"
"MO0073","C008","SC037","I0145","M037","型式037-01"
"MO0074","C008","SC037","I0145","M037","型式037-02"
"MO0075","C008","SC038","I0149","M038","型式038-01"
"MO0076","C008","SC038","I0149","M038","型式038-02"
"MO0077","C008","SC039","I0153","M039","型式039-01"
"MO0078","C008","SC039","I0153","M039","型式039-02"
"MO0079","C008","SC040","I0157","M040","型式040-01"
"MO0080","C008","SC040","I0157","M040","型式040-02"
"MO0081","C009","SC041","I0161","M041","型式041-01"
"MO0082","C009","SC041","I0161","M041","型式041-02"
"MO0083","C009","SC042","I0165","M042","型式042-01"
"MO0084","C009","SC042","I0165","M042","型式042-02"
"MO0085","C009","SC043","I0169","M043","型式043-01"
"MO0086","C009","SC043","I0169","M043","型式043-02"
"MO0087","C009","SC044","I0173","M044","型式044-01"
"MO0088","C009","SC044","I0173","M044","型式044-02"
"MO0089","C009","SC045","I0177","M045","型式045-01"
"MO0090","C009","SC045","I0177","M045","型式045-02"
"MO0091","C010","SC046","I0181","M046","型式046-01"
"MO0092","C010","SC046","I0181","M046","型式046-02"
"MO0093","C010","SC047","I0185","M047","型式047-01"
"MO0094","C010","SC047","I0185","M047","型式047-02"
"MO0095","C010","SC048","I0189","M048","型式048-01"
"MO0096","C010","SC048","I0189","M048","型式048-02"
"MO0097","C010","SC049","I0193","M049","型式049-01"
"MO0098","C010","SC049","I0193","M049","型式049-02"
"MO0099","C010","SC050","I0197","M050","型式050-01"
"MO0100","C010","SC050","I0197","M050","型式050-02"
"MO0101","C011","SC051","I0201","M051","型式051-01"
"MO0102","C011","SC051","I0201","M051","型式051-02"
"MO0103","C011","SC052","I0205","M052","型式052-01"
"MO0104","C011","SC052","I0205","M052","型式052-02"
"MO0105","C011","SC053","I0209","M053","型式053-01"
"MO0106","C011","SC053","I0209","M053","型式053-02"
"MO0107","C011","SC054","I0213","M054","型式054-01"
"MO0108","C011","SC054","I0213","M054","型式054-02"
"MO0109","C011","SC055","I0217","M055","型式055-01"
"MO0110","C011","SC055","I0217","M055","型式055-02"
"MO0111","C012","SC056","I0221","M056","型式056-01"
"MO0112","C012","SC056","I0221","M056","型式056-02"
"MO0113","C012","SC057","I0225","M057","型式057-01"
"MO0114","C012","SC057","I0225","M057","型式057-02"
"MO0115","C012","SC058","I0229","M058","型式058-01"
"MO0116","C012","SC058","I0229","M058","型式058-02"
"MO0117","C012","SC059","I0233","M059","型式059-01"
"MO0118","C012","SC059","I0233","M059","型式059-02"
"MO0119","C012","SC060","I0237","M060","型式060-01"
"MO0120","C012","SC060","I0237","M060","型式060-02"
"MO0121","C013","SC061","I0241","M061","型式061-01"
"MO0122","C013","SC061","I0241","M061","型式061-02"
"MO0123","C013","SC062","I0245","M062","型式062-01"
"MO0124","C013","SC062","I0245","M062","型式062-02"
"MO0125","C013","SC063","I0249","M063","型式063-01"
"MO0126","C013","SC063","I0249","M063","型式063-02"
"MO0127","C013","SC064","I0253","M064","型式064-01"
"MO0128","C013","SC064","I0253","M064","型式064-02"
"MO0129","C013","SC065","I0257","M065","型式065-01"
"MO0130","C013","SC065","I0257","M065","型式065-02"
"MO0131","C014","SC066","I0261","M066","型式066-01"
"MO0132","C014","SC066","I0261","M066","型式066-02"
"MO0133","C014","SC067","I0265","M067","型式067-01"
"MO0134","C014","SC067","I0265","M067","型式067-02"
"MO0135","C014","SC068","I0269","M068","型式068-01"
"MO0136","C014","SC068","I0269","M068","型式068-02"
"MO0137","C014","SC069","I0273","M069","型式069-01"
"MO0138","C014","SC069","I0273","M069","型式069-02"
"MO0139","C014","SC070","I0277","M070","型式070-01"
"MO0140","C014","SC070","I0277","M070","型式070-02"
"MO0141","C015","SC071","I0281","M071","型式071-01"
"MO0142","C015","SC071","I0281","M071","型式071-02"
"MO0143","C015","SC072","I0285","M072","型式072-01"
"MO0144","C015","SC072","I0285","M072","型式072-02"
"MO0145","C015","SC073","I0289","M073","型式073-01"
"MO0146","C015","SC073","I0289","M073","型式073-02"
"MO0147","C015","SC074","I0293","M074","型式074-01"
"MO0148","C015","SC074","I0293","M074","型式074-02"
"MO0149","C015","SC075","I0297","M075","型式075-01"
"MO0150","C015","SC075","I0297","M075","型式075-02"
"MO0151","C016","SC076","I0301","M076","型式076-01"
"MO0152","C016","SC076","I0301","M076","型式076-02"
"MO0153","C016","SC077","I0305","M077","型式077-01"
"MO0154","C016","SC077","I0305","M077","型式077-02"
"MO0155","C016","SC078","I0309","M078","型式078-01"
"MO0156","C016","SC078","I0309","M078","型式078-02"
"MO0157","C016","SC079","I0313","M079","型式079-01"
"MO0158","C016","SC079","I0313","M079","型式079-02"
"MO0159","C016","SC080","I0317","M080","型式080-01"
"MO0160","C016","SC080","I0317","M080","型式080-02"
"MO0161","C017","SC081","I0321","M081","型式081-01"
"MO0162","C017","SC081","I0321","M081","型式081-02"
"MO0163","C017","SC082","I0325","M082","型式082-01"
"MO0164","C017","SC082","I0325","M082","型式082-02"
"MO0165","C017","SC083","I0329","M083","型式083-01"
"MO0166","C017","SC083","I0329","M083","型式083-02"
"MO0167","C017","SC084","I0333","M084","型式084-01"
"MO0168","C017","SC084","I0333","M084","型式084-02"
"MO0169","C017","SC085","I0337","M085","型式085-01"
"MO0170","C017","SC085","I0337","M085","型式085-02"
"MO0171","C018","SC086","I0341","M086","型式086-01"
"MO0172","C018","SC086","I0341","M086","型式086-02"
"MO0173","C018","SC087","I0345","M087","型式087-01"
"MO0174","C018","SC087","I0345","M087","型式087-02"
"MO0175","C018","SC088","I0349","M088","型式088-01"
"MO0176","C018","SC088","I0349","M088","型式088-02"
"MO0177","C018","SC089","I0353","M089","型式089-01"
"MO0178","C018","SC089","I0353","M089","型式089-02"
"MO0179","C018","SC090","I0357","M090","型式090-01"
"MO0180","C018","SC090","I0357","M090","型式090-02"
"MO0181","C019","SC091","I0361","M091","型式091-01"
"MO0182","C019","SC091","I0361","M091","型式091-02"
"MO0183","C019","SC092","I0365","M092","型式092-01"
"MO0184","C019","SC092","I0365","M092","型式092-02"
"MO0185","C019","SC093","I0369","M093","型式093-01"
"MO0186","C019","SC093","I0369","M093","型式093-02"
"MO0187","C019","SC094","I0373","M094","型式094-01"
"MO0188","C019","SC094","I0373","M094","型式094-02"
"MO0189","C019","SC095","I0377","M095","型式095-01"
"MO0190","C019","SC095","I0377","M095","型式095-02"
"MO0191","C020","SC096","I0381","M096","型式096-01"
"MO0192","C020","SC096","I0381","M096","型式096-02"
"MO0193","C020","SC097","I0385","M097","型式097-01"
"MO0194","C020","SC097","I0385","M097","型式097-02"
"MO0195","C020","SC098","I0389","M098","型式098-01"
"MO0196","C020","SC098","I0389","M098","型式098-02"
"MO0197","C020","SC099","I0393","M099","型式099-01"
"MO0198","C020","SC099","I0393","M099","型式099-02"
"MO0199","C020","SC100","I0397","M100","型式100-01"
"MO0200","C020","SC100","I0397","M100","型式100-02"
"MO0201","C021","SC101","I0401","M101","型式101-01"
"MO0202","C021","SC101","I0401","M101","型式101-02"
"MO0203","C021","SC102","I0405","M102","型式102-01"
"MO0204","C021","SC102","I0405","M102","型式102-02"
"MO0205","C021","SC103","I0409","M103","型式103-01"
"MO0206","C021","SC103","I0409","M103","型式103-02"
"MO0207","C021","SC104","I0413","M104","型式104-01"
"MO0208","C021","SC104","I0413","M104","型式104-02"
"MO0209","C021","SC105","I0417","M105","型式105-01"
"MO0210","C021","SC105","I0417","M105","型式105-02"
"MO0211","C022","SC106","I0421","M106","型式106-01"
"MO0212","C022","SC106","I0421","M106","型式106-02"
"MO0213","C022","SC107","I0425","M107","型式107-01"
"MO0214","C022","SC107","I0425","M107","型式107-02"
"MO0215","C022","SC108","I0429","M108","型式108-01"
"MO0216","C022","SC108","I0429","M108","型式108-02"
"MO0217","C022","SC109","I0433","M109","型式109-01"
"MO0218","C022","SC109","I0433","M109","型式109-02"
"MO0219","C022","SC110","I0437","M110","型式110-01"
"MO0220","C022","SC110","I0437","M110","型式110-02"
"MO0221","C023","SC111","I0441","M111","型式111-01"
"MO0222","C023","SC111","I0441","M111","型式111-02"
"MO0223","C023","SC112","I0445","M112","型式112-01"
"MO0224","C023","SC112","I0445","M112","型式112-02"
"MO0225","C023","SC113","I0449","M113","型式113-01"
"MO0226","C023","SC113","I0449","M113","型式113-02"
"MO0227","C023","SC114","I0453","M114","型式114-01"
"MO0228","C023","SC114","I0453","M114","型式114-02"
"MO0229","C023","SC115","I0457","M115","型式115-01"
"MO0230","C023","SC115","I0457","M115","型式115-02"
"MO0231","C024","SC116","I0461","M116","型式116-01"
"MO0232","C024","SC116","I0461","M116","型式116-02"
"MO0233","C024","SC117","I0465","M117","型式117-01"
"MO0234","C024","SC117","I0465","M117","型式117-02"
"MO0235","C024","SC118","I0469","M118","型式118-01"
"MO0236","C024","SC118","I0469","M118","型式118-02"
"MO0237","C024","SC119","I0473","M119","型式119-01"
"MO0238","C024","SC119","I0473","M119","型式119-02"
"MO0239","C024","SC120","I0477","M120","型式120-01"
"MO0240","C024","SC120","I0477","M120","型式120-02"
"MO0241","C025","SC121","I0481","M121","型式121-01"
"MO0242","C025","SC121","I0481","M121","型式121-02"
"MO0243","C025","SC122","I0485","M122","型式122-01"
"MO0244","C025","SC122","I0485","M122","型式122-02"
"MO0245","C025","SC123","I0489","M123","型式123-01"
"MO0246","C025","SC123","I0489","M123","型式123-02"
"MO0247","C025","SC124","I0493","M124","型式124-01"
"MO0248","C025","SC124","I0493","M124","型式124-02"
"MO0249","C025","SC125","I0497","M125","型式125-01"
"MO0250","C025","SC125","I0497","M125","型式125-02"
"MO0251","C026","SC126","I0501","M126","型式126-01"
"MO0252","C026","SC126","I0501","M126","型式126-02"
"MO0253","C026","SC127","I0505","M127","型式127-01"
"MO0254","C026","SC127","I0505","M127","型式127-02"
"MO0255","C026","SC128","I0509","M128","型式128-01"
"MO0256","C026","SC128","I0509","M128","型式128-02"
"MO0257","C026","SC129","I0513","M129","型式129-01"
"MO0258","C026","SC129","I0513","M129","型式129-02"
"MO0259","C026","SC130","I0517","M130","型式130-01"
"MO0260","C026","SC130","I0517","M130","型式130-02"
"MO0261","C027","SC131","I0521","M131","型式131-01"
"MO0262","C027","SC131","I0521","M131","型式131-02"
"MO0263","C027","SC132","I0525","M132","型式132-01"
"MO0264","C027","SC132","I0525","M132","型式132-02"
"MO0265","C027","SC133","I0529","M133","型式133-01"
"MO0266","C027","SC133","I0529","M133","型式133-02"
"MO0267","C027","SC134","I0533","M134","型式134-01"
"MO0268","C027","SC134","I0533","M134","型式134-02"
"MO0269","C027","SC135","I0537","M135","型式135-01"
"MO0270","C027","SC135","I0537","M135","型式135-02"
"MO0271","C028","SC136","I0541","M136","型式136-01"
"MO0272","C028","SC136","I0541","M136","型式136-02"
"MO0273","C028","SC137","I0545","M137","型式137-01"
"MO0274","C028","SC137","I0545","M137","型式137-02"
"MO0275","C028","SC138","I0549","M138","型式138-01"
"MO0276","C028","SC138","I0549","M138","型式138-02"
"MO0277","C028","SC139","I0553","M139","型式139-01"
"MO0278","C028","SC139","I0553","M139","型式139-02"
"MO0279","C028","SC140","I0557","M140","型式140-01"
"MO0280","C028","SC140","I0557","M140","型式140-02"
"MO0281","C029","SC141","I0561","M141","型式141-01"
"MO0282","C029","SC141","I0561","M141","型式141-02"
"MO0283","C029","SC142","I0565","M142","型式142-01"
"MO0284","C029","SC142","I0565","M142","型式142-02"
"MO0285","C029","SC143","I0569","M143","型式143-01"
"MO0286","C029","SC143","I0569","M143","型式143-02"
"MO0287","C029","SC144","I0573","M144","型式144-01"
"MO0288","C029","SC144","I0573","M144","型式144-02"
"MO0289","C029","SC145","I0577","M145","型式145-01"
"MO0290","C029","SC145","I0577","M145","型式145-02"
"MO0291","C030","SC146","I0581","M146","型式146-01"
"MO0292","C030","SC146","I0581","M146","型式146-02"
"MO0293","C030","SC147","I0585","M147","型式147-01"
"MO0294","C030","SC147","I0585","M147","型式147-02"
"MO0295","C030","SC148","I0589","M148","型式148-01"
"MO0296","C030","SC148","I0589","M148","型式148-02"
"MO0297","C030","SC149","I0593","M149","型式149-01"
"MO0298","C030","SC149","I0593","M149","型式149-02"
"MO0299","C030","SC150","I0597","M150","型式150-01"
"MO0300","C030","SC150","I0597","M150","型式150-02"
"MO0301","C031","SC151","I0601","M151","型式151-01"
"MO0302","C031","SC151","I0601","M151","型式151-02"
"MO0303","C031","SC152","I0605","M152","型式152-01"
"MO0304","C031","SC152","I0605","M152","型式152-02"
"MO0305","C031","SC153","I0609","M153","型式153-01"
"MO0306","C031","SC153","I0609","M153","型式153-02"
"MO0307","C031","SC154","I0613","M154","型式154-01"
"MO0308","C031","SC154","I0613","M154","型式154-02"
"MO0309","C031","SC155","I0617","M155","型式155-01"
"MO0310","C031","SC155","I0617","M155","型式155-02"
"MO0311","C032","SC156","I0621","M156","型式156-01"
"MO0312","C032","SC156","I0621","M156","型式156-02"
"MO0313","C032","SC157","I0625","M157","型式157-01"
"MO0314","C032","SC157","I0625","M157","型式157-02"
"MO0315","C032","SC158","I0629","M158","型式158-01"
"MO0316","C032","SC158","I0629","M158","型式158-02"
"MO0317","C032","SC159","I0633","M159","型式159-01"
"MO0318","C032","SC159","I0633","M159","型式159-02"
"MO0319","C032","SC160","I0637","M160","型式160-01"
"MO0320","C032","SC160","I0637","M160","型式160-02"
"MO0321","C033","SC161","I0641","M161","型式161-01"
"MO0322","C033","SC161","I0641","M161","型式161-02"
"MO0323","C033","SC162","I0645","M162","型式162-01"
"MO0324","C033","SC162","I0645","M162","型式162-02"
"MO0325","C033","SC163","I0649","M163","型式163-01"
"MO0326","C033","SC163","I0649","M163","型式163-02"
"MO0327","C033","SC164","I0653","M164","型式164-01"
"MO0328","C033","SC164","I0653","M164","型式164-02"
"MO0329","C033","SC165","I0657","M165","型式165-01"
"MO0330","C033","SC165","I0657","M165","型式165-02"
"MO0331","C034","SC166","I0661","M166","型式166-01"
"MO0332","C034","SC166","I0661","M166","型式166-02"
"MO0333","C034","SC167","I0665","M167","型式167-01"
"MO0334","C034","SC167","I0665","M167","型式167-02"
"MO0335","C034","SC168","I0669","M168","型式168-01"
"MO0336","C034","SC168","I0669","M168","型式168-02"
"MO0337","C034","SC169","I0673","M169","型式169-01"
"MO0338","C034","SC169","I0673","M169","型式169-02"
"MO0339","C034","SC170","I0677","M170","型式170-01"
"MO0340","C034","SC170","I0677","M170","型式170-02"
"MO0341","C035","SC171","I0681","M171","型式171-01"
"MO0342","C035","SC171","I0681","M171","型式171-02"
"MO0343","C035","SC172","I0685","M172","型式172-01"
"MO0344","C035","SC172","I0685","M172","型式172-02"
"MO0345","C035","SC173","I0689","M173","型式173-01"
"MO0346","C035","SC173","I0689","M173","型式173-02"
"MO0347","C035","SC174","I0693","M174","型式174-01"
"MO0348","C035","SC174","I0693","M174","型式174-02"
"MO0349","C035","SC175","I0697","M175","型式175-01"
"MO0350","C035","SC175","I0697","M175","型式175-02"
"MO0351","C036","SC176","I0701","M176","型式176-01"
"MO0352","C036","SC176","I0701","M176","型式176-02"
"MO0353","C036","SC177","I0705","M177","型式177-01"
"MO0354","C036","SC177","I0705","M177","型式177-02"
"MO0355","C036","SC178","I0709","M178","型式178-01"
"MO0356","C036","SC178","I0709","M178","型式178-02"
"MO0357","C036","SC179","I0713","M179","型式179-01"
"MO0358","C036","SC179","I0713","M179","型式179-02"
"MO0359","C036","SC180","I0717","M180","型式180-01"
"MO0360","C036","SC180","I0717","M180","型式180-02"
"MO0361","C037","SC181","I0721","M181","型式181-01"
"MO0362","C037","SC181","I0721","M181","型式181-02"
"MO0363","C037","SC182","I0725","M182","型式182-01"
"MO0364","C037","SC182","I0725","M182","型式182-02"
"MO0365","C037","SC183","I0729","M183","型式183-01"
"MO0366","C037","SC183","I0729","M183","型式183-02"
"MO0367","C037","SC184","I0733","M184","型式184-01"
"MO0368","C037","SC184","I0733","M184","型式184-02"
"MO0369","C037","SC185","I0737","M185","型式185-01"
"MO0370","C037","SC185","I0737","M185","型式185-02"
"MO0371","C038","SC186","I0741","M186","型式186-01"
"MO0372","C038","SC186","I0741","M186","型式186-02"
"MO0373","C038","SC187","I0745","M187","型式187-01"
"MO0374","C038","SC187","I0745","M187","型式187-02"
"MO0375","C038","SC188","I0749","M188","型式188-01"
"MO0376","C038","SC188","I0749","M188","型式188-02"
"MO0377","C038","SC189","I0753","M189","型式189-01"
"MO0378","C038","SC189","I0753","M189","型式189-02"
"MO0379","C038","SC190","I0757","M190","型式190-01"
"MO0380","C038","SC190","I0757","M190","型式190-02"
"MO0381","C039","SC191","I0761","M191","型式191-01"
"MO0382","C039","SC191","I0761","M191","型式191-02"
"MO0383","C039","SC192","I0765","M192","型式192-01"
"MO0384","C039","SC192","I0765","M192","型式192-02"
"MO0385","C039","SC193","I0769","M193","型式193-01"
"MO0386","C039","SC193","I0769","M193","型式193-02"
"MO0387","C039","SC194","I0773","M194","型式194-01"
"MO0388","C039","SC194","I0773","M194","型式194-02"
"MO0389","C039","SC195","I0777","M195","型式195-01"
"MO0390","C039","SC195","I0777","M195","型式195-02"
"MO0391","C040","SC196","I0781","M196","型式196-01"
"MO0392","C040","SC196","I0781","M196","型式196-02"
"MO0393","C040","SC197","I0785","M197","型式197-01"
"MO0394","C040","SC197","I0785","M197","型式197-02"
"MO0395","C040","SC198","I0789","M198","型式198-01"
"MO0396","C040","SC198","I0789","M198","型式198-02"
"MO0397","C040","SC199","I0793","M199","型式199-01"
"MO0398","C040","SC199","I0793","M199","型式199-02"
"MO0399","C040","SC200","I0797","M200","型式200-01"
"MO0400","C040","SC200","I0797","M200","型式200-02"
"MO0401","C041","SC201","I0801","M201","型式201-01"
"MO0402","C041","SC201","I0801","M201","型式201-02"
"MO0403","C041","SC202","I0805","M202","型式202-01"
"MO0404","C041","SC202","I0805","M202","型式202-02"
"MO0405","C041","SC203","I0809","M203","型式203-01"
"MO0406","C041","SC203","I0809","M203","型式203-02"
"MO0407","C041","SC204","I0813","M204","型式204-01"
"MO0408","C041","SC204","I0813","M204","型式204-02"
"MO0409","C041","SC205","I0817","M205","型式205-01"
"MO0410","C041","SC205","I0817","M205","型式205-02"
"MO0411","C042","SC206","I0821","M206","型式206-01"
"MO0412","C042","SC206","I0821","M206","型式206-02"
"MO0413","C042","SC207","I0825","M207","型式207-01"
"MO0414","C042","SC207","I0825","M207","型式207-02"
"MO0415","C042","SC208","I0829","M208","型式208-01"
"MO0416","C042","SC208","I0829","M208","型式208-02"
"MO0417","C042","SC209","I0833","M209","型式209-01"
"MO0418","C042","SC209","I0833","M209","型式209-02"
"MO0419","C042","SC210","I0837","M210","型式210-01"
"MO0420","C042","SC210","I0837","M210","型式210-02"
"MO0421","C043","SC211","I0841","M211","型式211-01"
"MO0422","C043","SC211","I0841","M211","型式211-02"
"MO0423","C043","SC212","I0845","M212","型式212-01"
"MO0424","C043","SC212","I0845","M212","型式212-02"
"MO0425","C043","SC213","I0849","M213","型式213-01"
"MO0426","C043","SC213","I0849","M213","型式213-02"
"MO0427","C043","SC214","I0853","M214","型式214-01"
"MO0428","C043","SC214","I0853","M214","型式214-02"
"MO0429","C043","SC215","I0857","M215","型式215-01"
"MO0430","C043","SC215","I0857","M215","型式215-02"
"MO0431","C044","SC216","I0861","M216","型式216-01"
"MO0432","C044","SC216","I0861","M216","型式216-02"
"MO0433","C044","SC217","I0865","M217","型式217-01"
"MO0434","C044","SC217","I0865","M217","型式217-02"
"MO0435","C044","SC218","I0869","M218","型式218-01"
"MO0436","C044","SC218","I0869","M218","型式218-02"
"MO0437","C044","SC219","I0873","M219","型式219-01"
"MO0438","C044","SC219","I0873","M219","型式219-02"
"MO0439","C044","SC220","I0877","M220","型式220-01"
"MO0440","C044","SC220","I0877","M220","型式220-02"
"MO0441","C045","SC221","I0881","M221","型式221-01"
"MO0442","C045","SC221","I0881","M221","型式221-02"
"MO0443","C045","SC222","I0885","M222","型式222-01"
"MO0444","C045","SC222","I0885","M222","型式222-02"
"MO0445","C045","SC223","I0889","M223","型式223-01"
"MO0446","C045","SC223","I0889","M223","型式223-02"
"MO0447","C045","SC224","I0893","M224","型式224-01"
"MO0448","C045","SC224","I0893","M224","型式224-02"
"MO0449","C045","SC225","I0897","M225","型式225-01"
"MO0450","C045","SC225","I0897","M225","型式225-02"
"MO0451","C046","SC226","I0901","M226","型式226-01"
"MO0452","C046","SC226","I0901","M226","型式226-02"
"MO0453","C046","SC227","I0905","M227","型式227-01"
"MO0454","C046","SC227","I0905","M227","型式227-02"
"MO0455","C046","SC228","I0909","M228","型式228-01"
"MO0456","C046","SC228","I0909","M228","型式228-02"
"MO0457","C046","SC229","I0913","M229","型式229-01"
"MO0458","C046","SC229","I0913","M229","型式229-02"
"MO0459","C046","SC230","I0917","M230","型式230-01"
"MO0460","C046","SC230","I0917","M230","型式230-02"
"MO0461","C047","SC231","I0921","M231","型式231-01"
"MO0462","C047","SC231","I0921","M231","型式231-02"
"MO0463","C047","SC232","I0925","M232","型式232-01"
"MO0464","C047","SC232","I0925","M232","型式232-02"
"MO0465","C047","SC233","I0929","M233","型式233-01"
"MO0466","C047","SC233","I0929","M233","型式233-02"
"MO0467","C047","SC234","I0933","M234","型式234-01"
"MO0468","C047","SC234","I0933","M234","型式234-02"
"MO0469","C047","SC235","I0937","M235","型式235-01"
"MO0470","C047","SC235","I0937","M235","型式235-02"
"MO0471","C048","SC236","I0941","M236","型式236-01"
"MO0472","C048","SC236","I0941","M236","型式236-02"
"MO0473","C048","SC237","I0945","M237","型式237-01"
"MO0474","C048","SC237","I0945","M237","型式237-02"
"MO0475","C048","SC238","I0949","M238","型式238-01"
"MO0476","C048","SC238","I0949","M238","型式238-02"
"MO0477","C048","SC239","I0953","M239","型式239-01"
"MO0478","C048","SC239","I0953","M239","型式239-02"
"MO0479","C048","SC240","I0957","M240","型式240-01"
"MO0480","C048","SC240","I0957","M240","型式240-02"
"MO0481","C049","SC241","I0961","M241","型式241-01"
"MO0482","C049","SC241","I0961","M241","型式241-02"
"MO0483","C049","SC242","I0965","M242","型式242-01"
"MO0484","C049","SC242","I0965","M242","型式242-02"
"MO0485","C049","SC243","I0969","M243","型式243-01"
"MO0486","C049","SC243","I0969","M243","型式243-02"
"MO0487","C049","SC244","I0973","M244","型式244-01"
"MO0488","C049","SC244","I0973","M244","型式244-02"
"MO0489","C049","SC245","I0977","M245","型式245-01"
"MO0490","C049","SC245","I0977","M245","型式245-02"
"MO0491","C050","SC246","I0981","M246","型式246-01"
"MO0492","C050","SC246","I0981","M246","型式246-02"
"MO0493","C050","SC247","I0985","M247","型式247-01"
"MO0494","C050","SC247","I0985","M247","型式247-02"
"MO0495","C050","SC248","I0989","M248","型式248-01"
"MO0496","C050","SC248","I0989","M248","型式248-02"
"MO0497","C050","SC249","I0993","M249","型式249-01"
"MO0498","C050","SC249","I0993","M249","型式249-02"
"MO0499","C050","SC250","I0997","M250","型式250-01"
"MO0500","C050","SC250","I0997","M250","型式250-02"
"MO0501","C051","SC251","I1001","M251","型式251-01"
"MO0502","C051","SC251","I1001","M251","型式251-02"
"MO0503","C051","SC252","I1005","M252","型式252-01"
"MO0504","C051","SC252","I1005","M252","型式252-02"
"MO0505","C051","SC253","I1009","M253","型式253-01"
"MO0506","C051","SC253","I1009","M253","型式253-02"
"MO0507","C051","SC254","I1013","M254","型式254-01"
"MO0508","C051","SC254","I1013","M254","型式254-02"
"MO0509","C051","SC255","I1017","M255","型式255-01"
"MO0510","C051","SC255","I1017","M255","型式255-02"
"MO0511","C052","SC256","I1021","M256","型式256-01"
"MO0512","C052","SC256","I1021","M256","型式256-02"
"MO0513","C052","SC257","I1025","M257","型式257-01"
"MO0514","C052","SC257","I1025","M257","型式257-02"
"MO0515","C052","SC258","I1029","M258","型式258-01"
"MO0516","C052","SC258","I1029","M258","型式258-02"
"MO0517","C052","SC259","I1033","M259","型式259-01"
"MO0518","C052","SC259","I1033","M259","型式259-02"
"MO0519","C052","SC260","I1037","M260","型式260-01"
"MO0520","C052","SC260","I1037","M260","型式260-02"
"MO0521","C053","SC261","I1041","M261","型式261-01"
"MO0522","C053","SC261","I1041","M261","型式261-02"
"MO0523","C053","SC262","I1045","M262","型式262-01"
"MO0524","C053","SC262","I1045","M262","型式262-02"
"MO0525","C053","SC263","I1049","M263","型式263-01"
"MO0526","C053","SC263","I1049","M263","型式263-02"
"MO0527","C053","SC264","I1053","M264","型式264-01"
"MO0528","C053","SC264","I1053","M264","型式264-02"
"MO0529","C053","SC265","I1057","M265","型式265-01"
"MO0530","C053","SC265","I1057","M265","型式265-02"
"MO0531","C054","SC266","I1061","M266","型式266-01"
"MO0532","C054","SC266","I1061","M266","型式266-02"
"MO0533","C054","SC267","I1065","M267","型式267-01"
"MO0534","C054","SC267","I1065","M267","型式267-02"
"MO0535","C054","SC268","I1069","M268","型式268-01"
"MO0536","C054","SC268","I1069","M268","型式268-02"
"MO0537","C054","SC269","I1073","M269","型式269-01"
"MO0538","C054","SC269","I1073","M269","型式269-02"
"MO0539","C054","SC270","I1077","M270","型式270-01"
"MO0540","C054","SC270","I1077","M270","型式270-02"
"MO0541","C055","SC271","I1081","M271","型式271-01"
"MO0542","C055","SC271","I1081","M271","型式271-02"
"MO0543","C055","SC272","I1085","M272","型式272-01"
"MO0544","C055","SC272","I1085","M272","型式272-02"
"MO0545","C055","SC273","I1089","M273","型式273-01"
"MO0546","C055","SC273","I1089","M273","型式273-02"
"MO0547","C055","SC274","I1093","M274","型式274-01"
"MO0548","C055","SC274","I1093","M274","型式274-02"
"MO0549","C055","SC275","I1097","M275","型式275-01"
"MO0550","C055","SC275","I1097","M275","型式275-02"
"MO0551","C056","SC276","I1101","M276","型式276-01"
"MO0552","C056","SC276","I1101","M276","型式276-02"
"MO0553","C056","SC277","I1105","M277","型式277-01"
"MO0554","C056","SC277","I1105","M277","型式277-02"
"MO0555","C056","SC278","I1109","M278","型式278-01"
"MO0556","C056","SC278","I1109","M278","型式278-02"
"MO0557","C056","SC279","I1113","M279","型式279-01"
"MO0558","C056","SC279","I1113","M279","型式279-02"
"MO0559","C056","SC280","I1117","M280","型式280-01"
"MO0560","C056","SC280","I1117","M280","型式280-02"
"MO0561","C057","SC281","I1121","M281","型式281-01"
"MO0562","C057","SC281","I1121","M281","型式281-02"
"MO0563","C057","SC282","I1125","M282","型式282-01"
"MO0564","C057","SC282","I1125","M282","型式282-02"
"MO0565","C057","SC283","I1129","M283","型式283-01"
"MO0566","C057","SC283","I1129","M283","型式283-02"
"MO0567","C057","SC284","I1133","M284","型式284-01"
"MO0568","C057","SC284","I1133","M284","型式284-02"
"MO0569","C057","SC285","I1137","M285","型式285-01"
"MO0570","C057","SC285","I1137","M285","型式285-02"
"MO0571","C058","SC286","I1141","M286","型式286-01"
"MO0572","C058","SC286","I1141","M286","型式286-02"
"MO0573","C058","SC287","I1145","M287","型式287-01"
"MO0574","C058","SC287","I1145","M287","型式287-02"
"MO0575","C058","SC288","I1149","M288","型式288-01"
"MO0576","C058","SC288","I1149","M288","型式288-02"
"MO0577","C058","SC289","I1153","M289","型式289-01"
"MO0578","C058","SC289","I1153","M289","型式289-02"
"MO0579","C058","SC290","I1157","M290","型式290-01"
"MO0580","C058","SC290","I1157","M290","型式290-02"
"MO0581","C059","SC291","I1161","M291","型式291-01"
"MO0582","C059","SC291","I1161","M291","型式291-02"
"MO0583","C059","SC292","I1165","M292","型式292-01"
"MO0584","C059","SC292","I1165","M292","型式292-02"
"MO0585","C059","SC293","I1169","M293","型式293-01"
"MO0586","C059","SC293","I1169","M293","型式293-02"
"MO0587","C059","SC294","I1173","M294","型式294-01"
"MO0588","C059","SC294","I1173","M294","型式294-02"
"MO0589","C059","SC295","I1177","M295","型式295-01"
"MO0590","C059","SC295","I1177","M295","型式295-02"
"MO0591","C060","SC296","I1181","M296","型式296-01"
"MO0592","C060","SC296","I1181","M296","型式296-02"
"MO0593","C060","SC297","I1185","M297","型式297-01"
"MO0594","C060","SC297","I1185","M297","型式297-02"
"MO0595","C060","SC298","I1189","M298","型式298-01"
"MO0596","C060","SC298","I1189","M298","型式298-02"
"MO0597","C060","SC299","I1193","M299","型式299-01"
"MO0598","C060","SC299","I1193","M299","型式299-02"
"MO0599","C060","SC300","I1197","M300","型式300-01"
"MO0600","C060","SC300","I1197","M300","型式300-02"
"MO0601","C061","SC301","I1201","M301","型式301-01"
"MO0602","C061","SC301","I1201","M301","型式301-02"
"MO0603","C061","SC302","I1205","M302","型式302-01"
"MO0604","C061","SC302","I1205","M302","型式302-02"
"MO0605","C061","SC303","I1209","M303","型式303-01"
"MO0606","C061","SC303","I1209","M303","型式303-02"
"MO0607","C061","SC304","I1213","M304","型式304-01"
"MO0608","C061","SC304","I1213","M304","型式304-02"
"MO0609","C061","SC305","I1217","M305","型式305-01"
"MO0610","C061","SC305","I1217","M305","型式305-02"
"MO0611","C062","SC306","I1221","M306","型式306-01"
"MO0612","C062","SC306","I1221","M306","型式306-02"
"MO0613","C062","SC307","I1225","M307","型式307-01"
"MO0614","C062","SC307","I1225","M307","型式307-02"
"MO0615","C062","SC308","I1229","M308","型式308-01"
"MO0616","C062","SC308","I1229","M308","型式308-02"
"MO0617","C062","SC309","I1233","M309","型式309-01"
"MO0618","C062","SC309","I1233","M309","型式309-02"
"MO0619","C062","SC310","I1237","M310","型式310-01"
"MO0620","C062","SC310","I1237","M310","型式310-02"
"MO0621","C063","SC311","I1241","M311","型式311-01"
"MO0622","C063","SC311","I1241","M311","型式311-02"
"MO0623","C063","SC312","I1245","M312","型式312-01"
"MO0624","C063","SC312","I1245","M312","型式312-02"
"MO0625","C063","SC313","I1249","M313","型式313-01"
"MO0626","C063","SC313","I1249","M313","型式313-02"
"MO0627","C063","SC314","I1253","M314","型式314-01"
"MO0628","C063","SC314","I1253","M314","型式314-02"
"MO0629","C063","SC315","I1257","M315","型式315-01"
"MO0630","C063","SC315","I1257","M315","型式315-02"
"MO0631","C064","SC316","I1261","M316","型式316-01"
"MO0632","C064","SC316","I1261","M316","型式316-02"
"MO0633","C064","SC317","I1265","M317","型式317-01"
"MO0634","C064","SC317","I1265","M317","型式317-02"
"MO0635","C064","SC318","I1269","M318","型式318-01"
"MO0636","C064","SC318","I1269","M318","型式318-02"
"MO0637","C064","SC319","I1273","M319","型式319-01"
"MO0638","C064","SC319","I1273","M319","型式319-02"
"MO0639","C064","SC320","I1277","M320","型式320-01"
"MO0640","C064","SC320","I1277","M320","型式320-02"
"MO0641","C065","SC321","I1281","M321","型式321-01"
"MO0642","C065","SC321","I1281","M321","型式321-02"
"MO0643","C065","SC322","I1285","M322","型式322-01"
"MO0644","C065","SC322","I1285","M322","型式322-02"
"MO0645","C065","SC323","I1289","M323","型式323-01"
"MO0646","C065","SC323","I1289","M323","型式323-02"
"MO0647","C065","SC324","I1293","M324","型式324-01"
"MO0648","C065","SC324","I1293","M324","型式324-02"
"MO0649","C065","SC325","I1297","M325","型式325-01"
"MO0650","C065","SC325","I1297","M325","型式325-02"
"MO0651","C066","SC326","I1301","M326","型式326-01"
"MO0652","C066","SC326","I1301","M326","型式326-02"
"MO0653","C066","SC327","I1305","M327","型式327-01"
"MO0654","C066","SC327","I1305","M327","型式327-02"
"MO0655","C066","SC328","I1309","M328","型式328-01"
"MO0656","C066","SC328","I1309","M328","型式328-02"
"MO0657","C066","SC329","I1313","M329","型式329-01"
"MO0658","C066","SC329","I1313","M329","型式329-02"
"MO0659","C066","SC330","I1317","M330","型式330-01"
"MO0660","C066","SC330","I1317","M330","型式330-02"
"MO0661","C067","SC331","I1321","M331","型式331-01"
"MO0662","C067","SC331","I1321","M331","型式331-02"
"MO0663","C067","SC332","I1325","M332","型式332-01"
"MO0664","C067","SC332","I1325","M332","型式332-02"
"MO0665","C067","SC333","I1329","M333","型式333-01"
"MO0666","C067","SC333","I1329","M333","型式333-02"
"MO0667","C067","SC334","I1333","M334","型式334-01"
"MO0668","C067","SC334","I1333","M334","型式334-02"
"MO0669","C067","SC335","I1337","M335","型式335-01"
"MO0670","C067","SC335","I1337","M335","型式335-02"
"MO0671","C068","SC336","I1341","M336","型式336-01"
"MO0672","C068","SC336","I1341","M336","型式336-02"
"MO0673","C068","SC337","I1345","M337","型式337-01"
"MO0674","C068","SC337","I1345","M337","型式337-02"
"MO0675","C068","SC338","I1349","M338","型式338-01"
"MO0676","C068","SC338","I1349","M338","型式338-02"
"MO0677","C068","SC339","I1353","M339","型式339-01"
"MO0678","C068","SC339","I1353","M339","型式339-02"
"MO0679","C068","SC340","I1357","M340","型式340-01"
"MO0680","C068","SC340","I1357","M340","型式340-02"
"MO0681","C069","SC341","I1361","M341","型式341-01"
"MO0682","C069","SC341","I1361","M341","型式341-02"
"MO0683","C069","SC342","I1365","M342","型式342-01"
"MO0684","C069","SC342","I1365","M342","型式342-02"
"MO0685","C069","SC343","I1369","M343","型式343-01"
"MO0686","C069","SC343","I1369","M343","型式343-02"
"MO0687","C069","SC344","I1373","M344","型式344-01"
"MO0688","C069","SC344","I1373","M344","型式344-02"
"MO0689","C069","SC345","I1377","M345","型式345-01"
"MO0690","C069","SC345","I1377","M345","型式345-02"
"MO0691","C070","SC346","I1381","M346","型式346-01"
"MO0692","C070","SC346","I1381","M346","型式346-02"
"MO0693","C070","SC347","I1385","M347","型式347-01"
"MO0694","C070","SC347","I1385","M347","型式347-02"
"MO0695","C070","SC348","I1389","M348","型式348-01"
"MO0696","C070","SC348","I1389","M348","型式348-02"
"MO0697","C070","SC349","I1393","M349","型式349-01"
"MO0698","C070","SC349","I1393","M349","型式349-02"
"MO0699","C070","SC350","I1397","M350","型式350-01"
"MO0700","C070","SC350","I1397","M350","型式350-02"
"MO0701","C071","SC351","I1401","M351","型式351-01"
"MO0702","C071","SC351","I1401","M351","型式351-02"
"MO0703","C071","SC352","I1405","M352","型式352-01"
"MO0704","C071","SC352","I1405","M352","型式352-02"
"MO0705","C071","SC353","I1409","M353","型式353-01"
"MO0706","C071","SC353","I1409","M353","型式353-02"
"MO0707","C071","SC354","I1413","M354","型式354-01"
"MO0708","C071","SC354","I1413","M354","型式354-02"
"MO0709","C071","SC355","I1417","M355","型式355-01"
"MO0710","C071","SC355","I1417","M355","型式355-02"
"MO0711","C072","SC356","I1421","M356","型式356-01"
"MO0712","C072","SC356","I1421","M356","型式356-02"
"MO0713","C072","SC357","I1425","M357","型式357-01"
"MO0714","C072","SC357","I1425","M357","型式357-02"
"MO0715","C072","SC358","I1429","M358","型式358-01"
"MO0716","C072","SC358","I1429","M358","型式358-02"
"MO0717","C072","SC359","I1433","M359","型式359-01"
"MO0718","C072","SC359","I1433","M359","型式359-02"
"MO0719","C072","SC360","I1437","M360","型式360-01"
"MO0720","C072","SC360","I1437","M360","型式360-02"
"MO0721","C073","SC361","I1441","M361","型式361-01"
"MO0722","C073","SC361","I1441","M361","型式361-02"
"MO0723","C073","SC362","I1445","M362","型式362-01"
"MO0724","C073","SC362","I1445","M362","型式362-02"
"MO0725","C073","SC363","I1449","M363","型式363-01"
"MO0726","C073","SC363","I1449","M363","型式363-02"
"MO0727","C073","SC364","I1453","M364","型式364-01"
"MO0728","C073","SC364","I1453","M364","型式364-02"
"MO0729","C073","SC365","I1457","M365","型式365-01"
"MO0730","C073","SC365","I1457","M365","型式365-02"
"MO0731","C074","SC366","I1461","M366","型式366-01"
"MO0732","C074","SC366","I1461","M366","型式366-02"
"MO0733","C074","SC367","I1465","M367","型式367-01"
"MO0734","C074","SC367","I1465","M367","型式367-02"
"MO0735","C074","SC368","I1469","M368","型式368-01"
"MO0736","C074","SC368","I1469","M368","型式368-02"
"MO0737","C074","SC369","I1473","M369","型式369-01"
"MO0738","C074","SC369","I1473","M369","型式369-02"
"MO0739","C074","SC370","I1477","M370","型式370-01"
"MO0740","C074","SC370","I1477","M370","型式370-02"
"MO0741","C075","SC371","I1481","M371","型式371-01"
"MO0742","C075","SC371","I1481","M371","型式371-02"
"MO0743","C075","SC372","I1485","M372","型式372-01"
"MO0744","C075","SC372","I1485","M372","型式372-02"
"MO0745","C075","SC373","I1489","M373","型式373-01"
"MO0746","C075","SC373","I1489","M373","型式373-02"
"MO0747","C075","SC374","I1493","M374","型式374-01"
"MO0748","C075","SC374","I1493","M374","型式374-02"
"MO0749","C075","SC375","I1497","M375","型式375-01"
"MO0750","C075","SC375","I1497","M375","型式375-02"
"MO0751","C076","SC376","I1501","M376","型式376-01"
"MO0752","C076","SC376","I1501","M376","型式376-02"
"MO0753","C076","SC377","I1505","M377","型式377-01"
"MO0754","C076","SC377","I1505","M377","型式377-02"
"MO0755","C076","SC378","I1509","M378","型式378-01"
"MO0756","C076","SC378","I1509","M378","型式378-02"
"MO0757","C076","SC379","I1513","M379","型式379-01"
"MO0758","C076","SC379","I1513","M379","型式379-02"
"MO0759","C076","SC380","I1517","M380","型式380-01"
"MO0760","C076","SC380","I1517","M380","型式380-02"
"MO0761","C077","SC381","I1521","M381","型式381-01"
"MO0762","C077","SC381","I1521","M381","型式381-02"
"MO0763","C077","SC382","I1525","M382","型式382-01"
"MO0764","C077","SC382","I1525","M382","型式382-02"
"MO0765","C077","SC383","I1529","M383","型式383-01"
"MO0766","C077","SC383","I1529","M383","型式383-02"
"MO0767","C077","SC384","I1533","M384","型式384-01"
"MO0768","C077","SC384","I1533","M384","型式384-02"
"MO0769","C077","SC385","I1537","M385","型式385-01"
"MO0770","C077","SC385","I1537","M385","型式385-02"
"MO0771","C078","SC386","I1541","M386","型式386-01"
"MO0772","C078","SC386","I1541","M386","型式386-02"
"MO0773","C078","SC387","I1545","M387","型式387-01"
"MO0774","C078","SC387","I1545","M387","型式387-02"
"MO0775","C078","SC388","I1549","M388","型式388-01"
"MO0776","C078","SC388","I1549","M388","型式388-02"
"MO0777","C078","SC389","I1553","M389","型式389-01"
"MO0778","C078","SC389","I1553","M389","型式389-02"
"MO0779","C078","SC390","I1557","M390","型式390-01"
"MO0780","C078","SC390","I1557","M390","型式390-02"
"MO0781","C079","SC391","I1561","M391","型式391-01"
"MO0782","C079","SC391","I1561","M391","型式391-02"
"MO0783","C079","SC392","I1565","M392","型式392-01"
"MO0784","C079","SC392","I1565","M392","型式392-02"
"MO0785","C079","SC393","I1569","M393","型式393-01"
"MO0786","C079","SC393","I1569","M393","型式393-02"
"MO0787","C079","SC394","I1573","M394","型式394-01"
"MO0788","C079","SC394","I1573","M394","型式394-02"
"MO0789","C079","SC395","I1577","M395","型式395-01"
"MO0790","C079","SC395","I1577","M395","型式395-02"
"MO0791","C080","SC396","I1581","M396","型式396-01"
"MO0792","C080","SC396","I1581","M396","型式396-02"
"MO0793","C080","SC397","I1585","M397","型式397-01"
"MO0794","C080","SC397","I1585","M397","型式397-02"
"MO0795","C080","SC398","I1589","M398","型式398-01"
"MO0796","C080","SC398","I1589","M398","型式398-02"
"MO0797","C080","SC399","I1593","M399","型式399-01"
"MO0798","C080","SC399","I1593","M399","型式399-02"
"MO0799","C080","SC400","I1597","M400","型式400-01"
"MO0800","C080","SC400","I1597","M400","型式400-02"
"MO0801","C081","SC401","I1601","M401","型式401-01"
"MO0802","C081","SC401","I1601","M401","型式401-02"
"MO0803","C081","SC402","I1605","M402","型式402-01"
"MO0804","C081","SC402","I1605","M402","型式402-02"
"MO0805","C081","SC403","I1609","M403","型式403-01"
"MO0806","C081","SC403","I1609","M403","型式403-02"
"MO0807","C081","SC404","I1613","M404","型式404-01"
"MO0808","C081","SC404","I1613","M404","型式404-02"
"MO0809","C081","SC405","I1617","M405","型式405-01"
"MO0810","C081","SC405","I1617","M405","型式405-02"
"MO0811","C082","SC406","I1621","M406","型式406-01"
"MO0812","C082","SC406","I1621","M406","型式406-02"
"MO0813","C082","SC407","I1625","M407","型式407-01"
"MO0814","C082","SC407","I1625","M407","型式407-02"
"MO0815","C082","SC408","I1629","M408","型式408-01"
"MO0816","C082","SC408","I1629","M408","型式408-02"
"MO0817","C082","SC409","I1633","M409","型式409-01"
"MO0818","C082","SC409","I1633","M409","型式409-02"
"MO0819","C082","SC410","I1637","M410","型式410-01"
"MO0820","C082","SC410","I1637","M410","型式410-02"
"MO0821","C083","SC411","I1641","M411","型式411-01"
"MO0822","C083","SC411","I1641","M411","型式411-02"
"MO0823","C083","SC412","I1645","M412","型式412-01"
"MO0824","C083","SC412","I1645","M412","型式412-02"
"MO0825","C083","SC413","I1649","M413","型式413-01"
"MO0826","C083","SC413","I1649","M413","型式413-02"
"MO0827","C083","SC414","I1653","M414","型式414-01"
"MO0828","C083","SC414","I1653","M414","型式414-02"
"MO0829","C083","SC415","I1657","M415","型式415-01"
"MO0830","C083","SC415","I1657","M415","型式415-02"
"MO0831","C084","SC416","I1661","M416","型式416-01"
"MO0832","C084","SC416","I1661","M416","型式416-02"
"MO0833","C084","SC417","I1665","M417","型式417-01"
"MO0834","C084","SC417","I1665","M417","型式417-02"
"MO0835","C084","SC418","I1669","M418","型式418-01"
"MO0836","C084","SC418","I1669","M418","型式418-02"
"MO0837","C084","SC419","I1673","M419","型式419-01"
"MO0838","C084","SC419","I1673","M419","型式419-02"
"MO0839","C084","SC420","I1677","M420","型式420-01"
"MO0840","C084","SC420","I1677","M420","型式420-02"
"MO0841","C085","SC421","I1681","M421","型式421-01"
"MO0842","C085","SC421","I1681","M421","型式421-02"
"MO0843","C085","SC422","I1685","M422","型式422-01"
"MO0844","C085","SC422","I1685","M422","型式422-02"
"MO0845","C085","SC423","I1689","M423","型式423-01"
"MO0846","C085","SC423","I1689","M423","型式423-02"
"MO0847","C085","SC424","I1693","M424","型式424-01"
"MO0848","C085","SC424","I1693","M424","型式424-02"
"MO0849","C085","SC425","I1697","M425","型式425-01"
"MO0850","C085","SC425","I1697","M425","型式425-02"
"MO0851","C086","SC426","I1701","M426","型式426-01"
"MO0852","C086","SC426","I1701","M426","型式426-02"
"MO0853","C086","SC427","I1705","M427","型式427-01"
"MO0854","C086","SC427","I1705","M427","型式427-02"
"MO0855","C086","SC428","I1709","M428","型式428-01"
"MO0856","C086","SC428","I1709","M428","型式428-02"
"MO0857","C086","SC429","I1713","M429","型式429-01"
"MO0858","C086","SC429","I1713","M429","型式429-02"
"MO0859","C086","SC430","I1717","M430","型式430-01"
"MO0860","C086","SC430","I1717","M430","型式430-02"
"MO0861","C087","SC431","I1721","M431","型式431-01"
"MO0862","C087","SC431","I1721","M431","型式431-02"
"MO0863","C087","SC432","I1725","M432","型式432-01"
"MO0864","C087","SC432","I1725","M432","型式432-02"
"MO0865","C087","SC433","I1729","M433","型式433-01"
"MO0866","C087","SC433","I1729","M433","型式433-02"
"MO0867","C087","SC434","I1733","M434","型式434-01"
"MO0868","C087","SC434","I1733","M434","型式434-02"
"MO0869","C087","SC435","I1737","M435","型式435-01"
"MO0870","C087","SC435","I1737","M435","型式435-02"
"MO0871","C088","SC436","I1741","M436","型式436-01"
"MO0872","C088","SC436","I1741","M436","型式436-02"
"MO0873","C088","SC437","I1745","M437","型式437-01"
"MO0874","C088","SC437","I1745","M437","型式437-02"
"MO0875","C088","SC438","I1749","M438","型式438-01"
"MO0876","C088","SC438","I1749","M438","型式438-02"
"MO0877","C088","SC439","I1753","M439","型式439-01"
"MO0878","C088","SC439","I1753","M439","型式439-02"
"MO0879","C088","SC440","I1757","M440","型式440-01"
"MO0880","C088","SC440","I1757","M440","型式440-02"
"MO0881","C089","SC441","I1761","M441","型式441-01"
"MO0882","C089","SC441","I1761","M441","型式441-02"
"MO0883","C089","SC442","I1765","M442","型式442-01"
"MO0884","C089","SC442","I1765","M442","型式442-02"
"MO0885","C089","SC443","I1769","M443","型式443-01"
"MO0886","C089","SC443","I1769","M443","型式443-02"
"MO0887","C089","SC444","I1773","M444","型式444-01"
"MO0888","C089","SC444","I1773","M444","型式444-02"
"MO0889","C089","SC445","I1777","M445","型式445-01"
"MO0890","C089","SC445","I1777","M445","型式445-02"
"MO0891","C090","SC446","I1781","M446","型式446-01"
"MO0892","C090","SC446","I1781","M446","型式446-02"
"MO0893","C090","SC447","I1785","M447","型式447-01"
"MO0894","C090","SC447","I1785","M447","型式447-02"
"MO0895","C090","SC448","I1789","M448","型式448-01"
"MO0896","C090","SC448","I1789","M448","型式448-02"
"MO0897","C090","SC449","I1793","M449","型式449-01"
"MO0898","C090","SC449","I1793","M449","型式449-02"
"MO0899","C090","SC450","I1797","M450","型式450-01"
"MO0900","C090","SC450","I1797","M450","型式450-02"
"MO0901","C091","SC451","I1801","M451","型式451-01"
"MO0902","C091","SC451","I1801","M451","型式451-02"
"MO0903","C091","SC452","I1805","M452","型式452-01"
"MO0904","C091","SC452","I1805","M452","型式452-02"
"MO0905","C091","SC453","I1809","M453","型式453-01"
"MO0906","C091","SC453","I1809","M453","型式453-02"
"MO0907","C091","SC454","I1813","M454","型式454-01"
"MO0908","C091","SC454","I1813","M454","型式454-02"
"MO0909","C091","SC455","I1817","M455","型式455-01"
"MO0910","C091","SC455","I1817","M455","型式455-02"
"MO0911","C092","SC456","I1821","M456","型式456-01"
"MO0912","C092","SC456","I1821","M456","型式456-02"
"MO0913","C092","SC457","I1825","M457","型式457-01"
"MO0914","C092","SC457","I1825","M457","型式457-02"
"MO0915","C092","SC458","I1829","M458","型式458-01"
"MO0916","C092","SC458","I1829","M458","型式458-02"
"MO0917","C092","SC459","I1833","M459","型式459-01"
"MO0918","C092","SC459","I1833","M459","型式459-02"
"MO0919","C092","SC460","I1837","M460","型式460-01"
"MO0920","C092","SC460","I1837","M460","型式460-02"
"MO0921","C093","SC461","I1841","M461","型式461-01"
"MO0922","C093","SC461","I1841","M461","型式461-02"
"MO0923","C093","SC462","I1845","M462","型式462-01"
"MO0924","C093","SC462","I1845","M462","型式462-02"
"MO0925","C093","SC463","I1849","M463","型式463-01"
"MO0926","C093","SC463","I1849","M463","型式463-02"
"MO0927","C093","SC464","I1853","M464","型式464-01"
"MO0928","C093","SC464","I1853","M464","型式464-02"
"MO0929","C093","SC465","I1857","M465","型式465-01"
"MO0930","C093","SC465","I1857","M465","型式465-02"
"MO0931","C094","SC466","I1861","M466","型式466-01"
"MO0932","C094","SC466","I1861","M466","型式466-02"
"MO0933","C094","SC467","I1865","M467","型式467-01"
"MO0934","C094","SC467","I1865","M467","型式467-02"
"MO0935","C094","SC468","I1869","M468","型式468-01"
"MO0936","C094","SC468","I1869","M468","型式468-02"
"MO0937","C094","SC469","I1873","M469","型式469-01"
"MO0938","C094","SC469","I1873","M469","型式469-02"
"MO0939","C094","SC470","I1877","M470","型式470-01"
"MO0940","C094","SC470","I1877","M470","型式470-02"
"MO0941","C095","SC471","I1881","M471","型式471-01"
"MO0942","C095","SC471","I1881","M471","型式471-02"
"MO0943","C095","SC472","I1885","M472","型式472-01"
"MO0944","C095","SC472","I1885","M472","型式472-02"
"MO0945","C095","SC473","I1889","M473","型式473-01"
"MO0946","C095","SC473","I1889","M473","型式473-02"
"MO0947","C095","SC474","I1893","M474","型式474-01"
"MO0948","C095","SC474","I1893","M474","型式474-02"
"MO0949","C095","SC475","I1897","M475","型式475-01"
"MO0950","C095","SC475","I1897","M475","型式475-02"
"MO0951","C096","SC476","I1901","M476","型式476-01"
"MO0952","C096","SC476","I1901","M476","型式476-02"
"MO0953","C096","SC477","I1905","M477","型式477-01"
"MO0954","C096","SC477","I1905","M477","型式477-02"
"MO0955","C096","SC478","I1909","M478","型式478-01"
"MO0956","C096","SC478","I1909","M478","型式478-02"
"MO0957","C096","SC479","I1913","M479","型式479-01"
"MO0958","C096","SC479","I1913","M479","型式479-02"
"MO0959","C096","SC480","I1917","M480","型式480-01"
"MO0960","C096","SC480","I1917","M480","型式480-02"
"MO0961","C097","SC481","I1921","M481","型式481-01"
"MO0962","C097","SC481","I1921","M481","型式481-02"
"MO0963","C097","SC482","I1925","M482","型式482-01"
"MO0964","C097","SC482","I1925","M482","型式482-02"
"MO0965","C097","SC483","I1929","M483","型式483-01"
"MO0966","C097","SC483","I1929","M483","型式483-02"
"MO0967","C097","SC484","I1933","M484","型式484-01"
"MO0968","C097","SC484","I1933","M484","型式484-02"
"MO0969","C097","SC485","I1937","M485","型式485-01"
"MO0970","C097","SC485","I1937","M485","型式485-02"
"MO0971","C098","SC486","I1941","M486","型式486-01"
"MO0972","C098","SC486","I1941","M486","型式486-02"
"MO0973","C098","SC487","I1945","M487","型式487-01"
"MO0974","C098","SC487","I1945","M487","型式487-02"
"MO0975","C098","SC488","I1949","M488","型式488-01"
"MO0976","C098","SC488","I1949","M488","型式488-02"
"MO0977","C098","SC489","I1953","M489","型式489-01"
"MO0978","C098","SC489","I1953","M489","型式489-02"
"MO0979","C098","SC490","I1957","M490","型式490-01"
"MO0980","C098","SC490","I1957","M490","型式490-02"
"MO0981","C099","SC491","I1961","M491","型式491-01"
"MO0982","C099","SC491","I1961","M491","型式491-02"
"MO0983","C099","SC492","I1965","M492","型式492-01"
"MO0984","C099","SC492","I1965","M492","型式492-02"
"MO0985","C099","SC493","I1969","M493","型式493-01"
"MO0986","C099","SC493","I1969","M493","型式493-02"
"MO0987","C099","SC494","I1973","M494","型式494-01"
"MO0988","C099","SC494","I1973","M494","型式494-02"
"MO0989","C099","SC495","I1977","M495","型式495-01"
"MO0990","C099","SC495","I1977","M495","型式495-02"
"MO0991","C100","SC496","I1981","M496","型式496-01"
"MO0992","C100","SC496","I1981","M496","型式496-02"
"MO0993","C100","SC497","I1985","M497","型式497-01"
"MO0994","C100","SC497","I1985","M497","型式497-02"
"MO0995","C100","SC498","I1989","M498","型式498-01"
"MO0996","C100","SC498","I1989","M498","型式498-02"
"MO0997","C100","SC499","I1993","M499","型式499-01"
"MO0998","C100","SC499","I1993","M499","型式499-02"
"MO0999","C100","SC500","I1997","M500","型式500-01"
"MO1000","C100","SC500","I1997","M500","型式500-02"
