"id","categoryId","subcategoryId","itemId","name"
"M001","C001","SC001","I0001","メーカー001"
"M002","C001","SC002","I0005","メーカー002"
"M003","C001","SC003","I0009","メーカー003"
"M004","C001","SC004","I0013","メーカー004"
"M005","C001","SC005","I0017","メーカー005"
"M006","C002","SC006","I0021","メーカー006"
"M007","C002","SC007","I0025","メーカー007"
"M008","C002","SC008","I0029","メーカー008"
"M009","C002","SC009","I0033","メーカー009"
"M010","C002","SC010","I0037","メーカー010"
"M011","C003","SC011","I0041","メーカー011"
"M012","C003","SC012","I0045","メーカー012"
"M013","C003","SC013","I0049","メーカー013"
"M014","C003","SC014","I0053","メーカー014"
"M015","C003","SC015","I0057","メーカー015"
"M016","C004","SC016","I0061","メーカー016"
"M017","C004","SC017","I0065","メーカー017"
"M018","C004","SC018","I0069","メーカー018"
"M019","C004","SC019","I0073","メーカー019"
"M020","C004","SC020","I0077","メーカー020"
"M021","C005","SC021","I0081","メーカー021"
"M022","C005","SC022","I0085","メーカー022"
"M023","C005","SC023","I0089","メーカー023"
"M024","C005","SC024","I0093","メーカー024"
"M025","C005","SC025","I0097","メーカー025"
"M026","C006","SC026","I0101","メーカー026"
"M027","C006","SC027","I0105","メーカー027"
"M028","C006","SC028","I0109","メーカー028"
"M029","C006","SC029","I0113","メーカー029"
"M030","C006","SC030","I0117","メーカー030"
"M031","C007","SC031","I0121","メーカー031"
"M032","C007","SC032","I0125","メーカー032"
"M033","C007","SC033","I0129","メーカー033"
"M034","C007","SC034","I0133","メーカー034"
"M035","C007","SC035","I0137","メーカー035"
"M036","C008","SC036","I0141","メーカー036"
"M037","C008","SC037","I0145","メーカー037"
"M038","C008","SC038","I0149","メーカー038"
"M039","C008","SC039","I0153","メーカー039"
"M040","C008","SC040","I0157","メーカー040"
"M041","C009","SC041","I0161","メーカー041"
"M042","C009","SC042","I0165","メーカー042"
"M043","C009","SC043","I0169","メーカー043"
"M044","C009","SC044","I0173","メーカー044"
"M045","C009","SC045","I0177","メーカー045"
"M046","C010","SC046","I0181","メーカー046"
"M047","C010","SC047","I0185","メーカー047"
"M048","C010","SC048","I0189","メーカー048"
"M049","C010","SC049","I0193","メーカー049"
"M050","C010","SC050","I0197","メーカー050"
"M051","C011","SC051","I0201","メーカー051"
"M052","C011","SC052","I0205","メーカー052"
"M053","C011","SC053","I0209","メーカー053"
"M054","C011","SC054","I0213","メーカー054"
"M055","C011","SC055","I0217","メーカー055"
"M056","C012","SC056","I0221","メーカー056"
"M057","C012","SC057","I0225","メーカー057"
"M058","C012","SC058","I0229","メーカー058"
"M059","C012","SC059","I0233","メーカー059"
"M060","C012","SC060","I0237","メーカー060"
"M061","C013","SC061","I0241","メーカー061"
"M062","C013","SC062","I0245","メーカー062"
"M063","C013","SC063","I0249","メーカー063"
"M064","C013","SC064","I0253","メーカー064"
"M065","C013","SC065","I0257","メーカー065"
"M066","C014","SC066","I0261","メーカー066"
"M067","C014","SC067","I0265","メーカー067"
"M068","C014","SC068","I0269","メーカー068"
"M069","C014","SC069","I0273","メーカー069"
"M070","C014","SC070","I0277","メーカー070"
"M071","C015","SC071","I0281","メーカー071"
"M072","C015","SC072","I0285","メーカー072"
"M073","C015","SC073","I0289","メーカー073"
"M074","C015","SC074","I0293","メーカー074"
"M075","C015","SC075","I0297","メーカー075"
"M076","C016","SC076","I0301","メーカー076"
"M077","C016","SC077","I0305","メーカー077"
"M078","C016","SC078","I0309","メーカー078"
"M079","C016","SC079","I0313","メーカー079"
"M080","C016","SC080","I0317","メーカー080"
"M081","C017","SC081","I0321","メーカー081"
"M082","C017","SC082","I0325","メーカー082"
"M083","C017","SC083","I0329","メーカー083"
"M084","C017","SC084","I0333","メーカー084"
"M085","C017","SC085","I0337","メーカー085"
"M086","C018","SC086","I0341","メーカー086"
"M087","C018","SC087","I0345","メーカー087"
"M088","C018","SC088","I0349","メーカー088"
"M089","C018","SC089","I0353","メーカー089"
"M090","C018","SC090","I0357","メーカー090"
"M091","C019","SC091","I0361","メーカー091"
"M092","C019","SC092","I0365","メーカー092"
"M093","C019","SC093","I0369","メーカー093"
"M094","C019","SC094","I0373","メーカー094"
"M095","C019","SC095","I0377","メーカー095"
"M096","C020","SC096","I0381","メーカー096"
"M097","C020","SC097","I0385","メーカー097"
"M098","C020","SC098","I0389","メーカー098"
"M099","C020","SC099","I0393","メーカー099"
"M100","C020","SC100","I0397","メーカー100"
"M101","C021","SC101","I0401","メーカー101"
"M102","C021","SC102","I0405","メーカー102"
"M103","C021","SC103","I0409","メーカー103"
"M104","C021","SC104","I0413","メーカー104"
"M105","C021","SC105","I0417","メーカー105"
"M106","C022","SC106","I0421","メーカー106"
"M107","C022","SC107","I0425","メーカー107"
"M108","C022","SC108","I0429","メーカー108"
"M109","C022","SC109","I0433","メーカー109"
"M110","C022","SC110","I0437","メーカー110"
"M111","C023","SC111","I0441","メーカー111"
"M112","C023","SC112","I0445","メーカー112"
"M113","C023","SC113","I0449","メーカー113"
"M114","C023","SC114","I0453","メーカー114"
"M115","C023","SC115","I0457","メーカー115"
"M116","C024","SC116","I0461","メーカー116"
"M117","C024","SC117","I0465","メーカー117"
"M118","C024","SC118","I0469","メーカー118"
"M119","C024","SC119","I0473","メーカー119"
"M120","C024","SC120","I0477","メーカー120"
"M121","C025","SC121","I0481","メーカー121"
"M122","C025","SC122","I0485","メーカー122"
"M123","C025","SC123","I0489","メーカー123"
"M124","C025","SC124","I0493","メーカー124"
"M125","C025","SC125","I0497","メーカー125"
"M126","C026","SC126","I0501","メーカー126"
"M127","C026","SC127","I0505","メーカー127"
"M128","C026","SC128","I0509","メーカー128"
"M129","C026","SC129","I0513","メーカー129"
"M130","C026","SC130","I0517","メーカー130"
"M131","C027","SC131","I0521","メーカー131"
"M132","C027","SC132","I0525","メーカー132"
"M133","C027","SC133","I0529","メーカー133"
"M134","C027","SC134","I0533","メーカー134"
"M135","C027","SC135","I0537","メーカー135"
"M136","C028","SC136","I0541","メーカー136"
"M137","C028","SC137","I0545","メーカー137"
"M138","C028","SC138","I0549","メーカー138"
"M139","C028","SC139","I0553","メーカー139"
"M140","C028","SC140","I0557","メーカー140"
"M141","C029","SC141","I0561","メーカー141"
"M142","C029","SC142","I0565","メーカー142"
"M143","C029","SC143","I0569","メーカー143"
"M144","C029","SC144","I0573","メーカー144"
"M145","C029","SC145","I0577","メーカー145"
"M146","C030","SC146","I0581","メーカー146"
"M147","C030","SC147","I0585","メーカー147"
"M148","C030","SC148","I0589","メーカー148"
"M149","C030","SC149","I0593","メーカー149"
"M150","C030","SC150","I0597","メーカー150"
"M151","C031","SC151","I0601","メーカー151"
"M152","C031","SC152","I0605","メーカー152"
"M153","C031","SC153","I0609","メーカー153"
"M154","C031","SC154","I0613","メーカー154"
"M155","C031","SC155","I0617","メーカー155"
"M156","C032","SC156","I0621","メーカー156"
"M157","C032","SC157","I0625","メーカー157"
"M158","C032","SC158","I0629","メーカー158"
"M159","C032","SC159","I0633","メーカー159"
"M160","C032","SC160","I0637","メーカー160"
"M161","C033","SC161","I0641","メーカー161"
"M162","C033","SC162","I0645","メーカー162"
"M163","C033","SC163","I0649","メーカー163"
"M164","C033","SC164","I0653","メーカー164"
"M165","C033","SC165","I0657","メーカー165"
"M166","C034","SC166","I0661","メーカー166"
"M167","C034","SC167","I0665","メーカー167"
"M168","C034","SC168","I0669","メーカー168"
"M169","C034","SC169","I0673","メーカー169"
"M170","C034","SC170","I0677","メーカー170"
"M171","C035","SC171","I0681","メーカー171"
"M172","C035","SC172","I0685","メーカー172"
"M173","C035","SC173","I0689","メーカー173"
"M174","C035","SC174","I0693","メーカー174"
"M175","C035","SC175","I0697","メーカー175"
"M176","C036","SC176","I0701","メーカー176"
"M177","C036","SC177","I0705","メーカー177"
"M178","C036","SC178","I0709","メーカー178"
"M179","C036","SC179","I0713","メーカー179"
"M180","C036","SC180","I0717","メーカー180"
"M181","C037","SC181","I0721","メーカー181"
"M182","C037","SC182","I0725","メーカー182"
"M183","C037","SC183","I0729","メーカー183"
"M184","C037","SC184","I0733","メーカー184"
"M185","C037","SC185","I0737","メーカー185"
"M186","C038","SC186","I0741","メーカー186"
"M187","C038","SC187","I0745","メーカー187"
"M188","C038","SC188","I0749","メーカー188"
"M189","C038","SC189","I0753","メーカー189"
"M190","C038","SC190","I0757","メーカー190"
"M191","C039","SC191","I0761","メーカー191"
"M192","C039","SC192","I0765","メーカー192"
"M193","C039","SC193","I0769","メーカー193"
"M194","C039","SC194","I0773","メーカー194"
"M195","C039","SC195","I0777","メーカー195"
"M196","C040","SC196","I0781","メーカー196"
"M197","C040","SC197","I0785","メーカー197"
"M198","C040","SC198","I0789","メーカー198"
"M199","C040","SC199","I0793","メーカー199"
"M200","C040","SC200","I0797","メーカー200"
"M201","C041","SC201","I0801","メーカー201"
"M202","C041","SC202","I0805","メーカー202"
"M203","C041","SC203","I0809","メーカー203"
"M204","C041","SC204","I0813","メーカー204"
"M205","C041","SC205","I0817","メーカー205"
"M206","C042","SC206","I0821","メーカー206"
"M207","C042","SC207","I0825","メーカー207"
"M208","C042","SC208","I0829","メーカー208"
"M209","C042","SC209","I0833","メーカー209"
"M210","C042","SC210","I0837","メーカー210"
"M211","C043","SC211","I0841","メーカー211"
"M212","C043","SC212","I0845","メーカー212"
"M213","C043","SC213","I0849","メーカー213"
"M214","C043","SC214","I0853","メーカー214"
"M215","C043","SC215","I0857","メーカー215"
"M216","C044","SC216","I0861","メーカー216"
"M217","C044","SC217","I0865","メーカー217"
"M218","C044","SC218","I0869","メーカー218"
"M219","C044","SC219","I0873","メーカー219"
"M220","C044","SC220","I0877","メーカー220"
"M221","C045","SC221","I0881","メーカー221"
"M222","C045","SC222","I0885","メーカー222"
"M223","C045","SC223","I0889","メーカー223"
"M224","C045","SC224","I0893","メーカー224"
"M225","C045","SC225","I0897","メーカー225"
"M226","C046","SC226","I0901","メーカー226"
"M227","C046","SC227","I0905","メーカー227"
"M228","C046","SC228","I0909","メーカー228"
"M229","C046","SC229","I0913","メーカー229"
"M230","C046","SC230","I0917","メーカー230"
"M231","C047","SC231","I0921","メーカー231"
"M232","C047","SC232","I0925","メーカー232"
"M233","C047","SC233","I0929","メーカー233"
"M234","C047","SC234","I0933","メーカー234"
"M235","C047","SC235","I0937","メーカー235"
"M236","C048","SC236","I0941","メーカー236"
"M237","C048","SC237","I0945","メーカー237"
"M238","C048","SC238","I0949","メーカー238"
"M239","C048","SC239","I0953","メーカー239"
"M240","C048","SC240","I0957","メーカー240"
"M241","C049","SC241","I0961","メーカー241"
"M242","C049","SC242","I0965","メーカー242"
"M243","C049","SC243","I0969","メーカー243"
"M244","C049","SC244","I0973","メーカー244"
"M245","C049","SC245","I0977","メーカー245"
"M246","C050","SC246","I0981","メーカー246"
"M247","C050","SC247","I0985","メーカー247"
"M248","C050","SC248","I0989","メーカー248"
"M249","C050","SC249","I0993","メーカー249"
"M250","C050","SC250","I0997","メーカー250"
"M251","C051","SC251","I1001","メーカー251"
"M252","C051","SC252","I1005","メーカー252"
"M253","C051","SC253","I1009","メーカー253"
"M254","C051","SC254","I1013","メーカー254"
"M255","C051","SC255","I1017","メーカー255"
"M256","C052","SC256","I1021","メーカー256"
"M257","C052","SC257","I1025","メーカー257"
"M258","C052","SC258","I1029","メーカー258"
"M259","C052","SC259","I1033","メーカー259"
"M260","C052","SC260","I1037","メーカー260"
"M261","C053","SC261","I1041","メーカー261"
"M262","C053","SC262","I1045","メーカー262"
"M263","C053","SC263","I1049","メーカー263"
"M264","C053","SC264","I1053","メーカー264"
"M265","C053","SC265","I1057","メーカー265"
"M266","C054","SC266","I1061","メーカー266"
"M267","C054","SC267","I1065","メーカー267"
"M268","C054","SC268","I1069","メーカー268"
"M269","C054","SC269","I1073","メーカー269"
"M270","C054","SC270","I1077","メーカー270"
"M271","C055","SC271","I1081","メーカー271"
"M272","C055","SC272","I1085","メーカー272"
"M273","C055","SC273","I1089","メーカー273"
"M274","C055","SC274","I1093","メーカー274"
"M275","C055","SC275","I1097","メーカー275"
"M276","C056","SC276","I1101","メーカー276"
"M277","C056","SC277","I1105","メーカー277"
"M278","C056","SC278","I1109","メーカー278"
"M279","C056","SC279","I1113","メーカー279"
"M280","C056","SC280","I1117","メーカー280"
"M281","C057","SC281","I1121","メーカー281"
"M282","C057","SC282","I1125","メーカー282"
"M283","C057","SC283","I1129","メーカー283"
"M284","C057","SC284","I1133","メーカー284"
"M285","C057","SC285","I1137","メーカー285"
"M286","C058","SC286","I1141","メーカー286"
"M287","C058","SC287","I1145","メーカー287"
"M288","C058","SC288","I1149","メーカー288"
"M289","C058","SC289","I1153","メーカー289"
"M290","C058","SC290","I1157","メーカー290"
"M291","C059","SC291","I1161","メーカー291"
"M292","C059","SC292","I1165","メーカー292"
"M293","C059","SC293","I1169","メーカー293"
"M294","C059","SC294","I1173","メーカー294"
"M295","C059","SC295","I1177","メーカー295"
"M296","C060","SC296","I1181","メーカー296"
"M297","C060","SC297","I1185","メーカー297"
"M298","C060","SC298","I1189","メーカー298"
"M299","C060","SC299","I1193","メーカー299"
"M300","C060","SC300","I1197","メーカー300"
"M301","C061","SC301","I1201","メーカー301"
"M302","C061","SC302","I1205","メーカー302"
"M303","C061","SC303","I1209","メーカー303"
"M304","C061","SC304","I1213","メーカー304"
"M305","C061","SC305","I1217","メーカー305"
"M306","C062","SC306","I1221","メーカー306"
"M307","C062","SC307","I1225","メーカー307"
"M308","C062","SC308","I1229","メーカー308"
"M309","C062","SC309","I1233","メーカー309"
"M310","C062","SC310","I1237","メーカー310"
"M311","C063","SC311","I1241","メーカー311"
"M312","C063","SC312","I1245","メーカー312"
"M313","C063","SC313","I1249","メーカー313"
"M314","C063","SC314","I1253","メーカー314"
"M315","C063","SC315","I1257","メーカー315"
"M316","C064","SC316","I1261","メーカー316"
"M317","C064","SC317","I1265","メーカー317"
"M318","C064","SC318","I1269","メーカー318"
"M319","C064","SC319","I1273","メーカー319"
"M320","C064","SC320","I1277","メーカー320"
"M321","C065","SC321","I1281","メーカー321"
"M322","C065","SC322","I1285","メーカー322"
"M323","C065","SC323","I1289","メーカー323"
"M324","C065","SC324","I1293","メーカー324"
"M325","C065","SC325","I1297","メーカー325"
"M326","C066","SC326","I1301","メーカー326"
"M327","C066","SC327","I1305","メーカー327"
"M328","C066","SC328","I1309","メーカー328"
"M329","C066","SC329","I1313","メーカー329"
"M330","C066","SC330","I1317","メーカー330"
"M331","C067","SC331","I1321","メーカー331"
"M332","C067","SC332","I1325","メーカー332"
"M333","C067","SC333","I1329","メーカー333"
"M334","C067","SC334","I1333","メーカー334"
"M335","C067","SC335","I1337","メーカー335"
"M336","C068","SC336","I1341","メーカー336"
"M337","C068","SC337","I1345","メーカー337"
"M338","C068","SC338","I1349","メーカー338"
"M339","C068","SC339","I1353","メーカー339"
"M340","C068","SC340","I1357","メーカー340"
"M341","C069","SC341","I1361","メーカー341"
"M342","C069","SC342","I1365","メーカー342"
"M343","C069","SC343","I1369","メーカー343"
"M344","C069","SC344","I1373","メーカー344"
"M345","C069","SC345","I1377","メーカー345"
"M346","C070","SC346","I1381","メーカー346"
"M347","C070","SC347","I1385","メーカー347"
"M348","C070","SC348","I1389","メーカー348"
"M349","C070","SC349","I1393","メーカー349"
"M350","C070","SC350","I1397","メーカー350"
"M351","C071","SC351","I1401","メーカー351"
"M352","C071","SC352","I1405","メーカー352"
"M353","C071","SC353","I1409","メーカー353"
"M354","C071","SC354","I1413","メーカー354"
"M355","C071","SC355","I1417","メーカー355"
"M356","C072","SC356","I1421","メーカー356"
"M357","C072","SC357","I1425","メーカー357"
"M358","C072","SC358","I1429","メーカー358"
"M359","C072","SC359","I1433","メーカー359"
"M360","C072","SC360","I1437","メーカー360"
"M361","C073","SC361","I1441","メーカー361"
"M362","C073","SC362","I1445","メーカー362"
"M363","C073","SC363","I1449","メーカー363"
"M364","C073","SC364","I1453","メーカー364"
"M365","C073","SC365","I1457","メーカー365"
"M366","C074","SC366","I1461","メーカー366"
"M367","C074","SC367","I1465","メーカー367"
"M368","C074","SC368","I1469","メーカー368"
"M369","C074","SC369","I1473","メーカー369"
"M370","C074","SC370","I1477","メーカー370"
"M371","C075","SC371","I1481","メーカー371"
"M372","C075","SC372","I1485","メーカー372"
"M373","C075","SC373","I1489","メーカー373"
"M374","C075","SC374","I1493","メーカー374"
"M375","C075","SC375","I1497","メーカー375"
"M376","C076","SC376","I1501","メーカー376"
"M377","C076","SC377","I1505","メーカー377"
"M378","C076","SC378","I1509","メーカー378"
"M379","C076","SC379","I1513","メーカー379"
"M380","C076","SC380","I1517","メーカー380"
"M381","C077","SC381","I1521","メーカー381"
"M382","C077","SC382","I1525","メーカー382"
"M383","C077","SC383","I1529","メーカー383"
"M384","C077","SC384","I1533","メーカー384"
"M385","C077","SC385","I1537","メーカー385"
"M386","C078","SC386","I1541","メーカー386"
"M387","C078","SC387","I1545","メーカー387"
"M388","C078","SC388","I1549","メーカー388"
"M389","C078","SC389","I1553","メーカー389"
"M390","C078","SC390","I1557","メーカー390"
"M391","C079","SC391","I1561","メーカー391"
"M392","C079","SC392","I1565","メーカー392"
"M393","C079","SC393","I1569","メーカー393"
"M394","C079","SC394","I1573","メーカー394"
"M395","C079","SC395","I1577","メーカー395"
"M396","C080","SC396","I1581","メーカー396"
"M397","C080","SC397","I1585","メーカー397"
"M398","C080","SC398","I1589","メーカー398"
"M399","C080","SC399","I1593","メーカー399"
"M400","C080","SC400","I1597","メーカー400"
"M401","C081","SC401","I1601","メーカー401"
"M402","C081","SC402","I1605","メーカー402"
"M403","C081","SC403","I1609","メーカー403"
"M404","C081","SC404","I1613","メーカー404"
"M405","C081","SC405","I1617","メーカー405"
"M406","C082","SC406","I1621","メーカー406"
"M407","C082","SC407","I1625","メーカー407"
"M408","C082","SC408","I1629","メーカー408"
"M409","C082","SC409","I1633","メーカー409"
"M410","C082","SC410","I1637","メーカー410"
"M411","C083","SC411","I1641","メーカー411"
"M412","C083","SC412","I1645","メーカー412"
"M413","C083","SC413","I1649","メーカー413"
"M414","C083","SC414","I1653","メーカー414"
"M415","C083","SC415","I1657","メーカー415"
"M416","C084","SC416","I1661","メーカー416"
"M417","C084","SC417","I1665","メーカー417"
"M418","C084","SC418","I1669","メーカー418"
"M419","C084","SC419","I1673","メーカー419"
"M420","C084","SC420","I1677","メーカー420"
"M421","C085","SC421","I1681","メーカー421"
"M422","C085","SC422","I1685","メーカー422"
"M423","C085","SC423","I1689","メーカー423"
"M424","C085","SC424","I1693","メーカー424"
"M425","C085","SC425","I1697","メーカー425"
"M426","C086","SC426","I1701","メーカー426"
"M427","C086","SC427","I1705","メーカー427"
"M428","C086","SC428","I1709","メーカー428"
"M429","C086","SC429","I1713","メーカー429"
"M430","C086","SC430","I1717","メーカー430"
"M431","C087","SC431","I1721","メーカー431"
"M432","C087","SC432","I1725","メーカー432"
"M433","C087","SC433","I1729","メーカー433"
"M434","C087","SC434","I1733","メーカー434"
"M435","C087","SC435","I1737","メーカー435"
"M436","C088","SC436","I1741","メーカー436"
"M437","C088","SC437","I1745","メーカー437"
"M438","C088","SC438","I1749","メーカー438"
"M439","C088","SC439","I1753","メーカー439"
"M440","C088","SC440","I1757","メーカー440"
"M441","C089","SC441","I1761","メーカー441"
"M442","C089","SC442","I1765","メーカー442"
"M443","C089","SC443","I1769","メーカー443"
"M444","C089","SC444","I1773","メーカー444"
"M445","C089","SC445","I1777","メーカー445"
"M446","C090","SC446","I1781","メーカー446"
"M447","C090","SC447","I1785","メーカー447"
"M448","C090","SC448","I1789","メーカー448"
"M449","C090","SC449","I1793","メーカー449"
"M450","C090","SC450","I1797","メーカー450"
"M451","C091","SC451","I1801","メーカー451"
"M452","C091","SC452","I1805","メーカー452"
"M453","C091","SC453","I1809","メーカー453"
"M454","C091","SC454","I1813","メーカー454"
"M455","C091","SC455","I1817","メーカー455"
"M456","C092","SC456","I1821","メーカー456"
"M457","C092","SC457","I1825","メーカー457"
"M458","C092","SC458","I1829","メーカー458"
"M459","C092","SC459","I1833","メーカー459"
"M460","C092","SC460","I1837","メーカー460"
"M461","C093","SC461","I1841","メーカー461"
"M462","C093","SC462","I1845","メーカー462"
"M463","C093","SC463","I1849","メーカー463"
"M464","C093","SC464","I1853","メーカー464"
"M465","C093","SC465","I1857","メーカー465"
"M466","C094","SC466","I1861","メーカー466"
"M467","C094","SC467","I1865","メーカー467"
"M468","C094","SC468","I1869","メーカー468"
"M469","C094","SC469","I1873","メーカー469"
"M470","C094","SC470","I1877","メーカー470"
"M471","C095","SC471","I1881","メーカー471"
"M472","C095","SC472","I1885","メーカー472"
"M473","C095","SC473","I1889","メーカー473"
"M474","C095","SC474","I1893","メーカー474"
"M475","C095","SC475","I1897","メーカー475"
"M476","C096","SC476","I1901","メーカー476"
"M477","C096","SC477","I1905","メーカー477"
"M478","C096","SC478","I1909","メーカー478"
"M479","C096","SC479","I1913","メーカー479"
"M480","C096","SC480","I1917","メーカー480"
"M481","C097","SC481","I1921","メーカー481"
"M482","C097","SC482","I1925","メーカー482"
"M483","C097","SC483","I1929","メーカー483"
"M484","C097","SC484","I1933","メーカー484"
"M485","C097","SC485","I1937","メーカー485"
"M486","C098","SC486","I1941","メーカー486"
"M487","C098","SC487","I1945","メーカー487"
"M488","C098","SC488","I1949","メーカー488"
"M489","C098","SC489","I1953","メーカー489"
"M490","C098","SC490","I1957","メーカー490"
"M491","C099","SC491","I1961","メーカー491"
"M492","C099","SC492","I1965","メーカー492"
"M493","C099","SC493","I1969","メーカー493"
"M494","C099","SC494","I1973","メーカー494"
"M495","C099","SC495","I1977","メーカー495"
"M496","C100","SC496","I1981","メーカー496"
"M497","C100","SC497","I1985","メーカー497"
"M498","C100","SC498","I1989","メーカー498"
"M499","C100","SC499","I1993","メーカー499"
"M500","C100","SC500","I1997","メーカー500"
